Station Name,City,State,ZIP,Status Code,Expected Date,Owner Type Code,Geocode Status,Latitude,Longitude,Facility Type,Restricted Access
Seattle-Tacoma International Airport - General Parking,Seattle,WA,98188,E,,P,200-8,47.443377,-122.296229,AIRPORT,False
Caplan's Rainbow Parking,Seattle,WA,98104,T,2022-12-31,P,200-8,47.604115,-122.332907,PARKING_GARAGE,False
City of Seattle - Central Library,Seattle,WA,98104,E,,LG,200-9,47.606684,-122.332664,LIBRARY,False
City of Seattle - Seattle Center,Seattle,WA,98109,E,,LG,200-8,47.622085,-122.347124,MUNI_GOV,False
KING COUNTY DES KSC STATION #1,Seattle,WA,98104,E,,,GPS,47.598663,-122.331009,,
VIA6 VIA6-SOUTH,Seattle,WA,98121,E,,,GPS,47.613883,-122.339405,,
800 FIFTH AVE STATION 2,Seattle,WA,98104,E,,,GPS,47.605599,-122.330626,,
AMLI SLU AMLI SLU #1,Seattle,WA,98109,T,2023-04-26,,GPS,47.62313,-122.331442,,
UWMC 4245 UWMC 4245 #1,Seattle,WA,98105,E,,,GPS,47.658961,-122.3185,,
UWMC 4225 UWMC 4225 #1,Seattle,WA,98105,E,,,GPS,47.658409,-122.318392,,
BMW SEATTLE BMW SALES,Seattle,WA,98065,E,,,GPS,47.594042,-122.323977,,
525 NORTHGATE RETAIL #1,Seattle,WA,98125,E,,,GPS,47.707951,-122.321496,,
VM CHARGERS VIRGINIA MASON2,Seattle,WA,98101,E,,,GPS,47.609528,-122.326393,,
INSIGNIA 953 EV216,Seattle,WA,98121,E,,,GPS,47.616552,-122.342727,,
MADISON GARAGE MADISON GARAGE2,Seattle,WA,98104,E,,,GPS,47.610087,-122.322114,,
Bedrooms & More,Seattle,WA,98105,E,,P,200-9,47.66159,-122.324877,SHOPPING_CENTER,False
SAFECO PLAZA SAFECO PLAZA #1,Seattle,WA,98154,E,,,GPS,47.606106,-122.333782,,
PSS CHARGEPOINT PSS #2 NORTH,Seattle,WA,98144,T,2023-06-01,,GPS,47.595546,-122.31163,,
PSS CHARGEPOINT PSS #1,Seattle,WA,98144,T,2023-06-13,,GPS,47.595392,-122.311507,,
DUAL EV SOUTH 1,Seattle,WA,98105,E,,,GPS,47.661471,-122.299298,,
KING COUNTY DES KSC STATION #5,Seattle,WA,98104,E,,,GPS,47.599,-122.330804,,
RPNW PSP-COBB #2,Seattle,WA,98101,T,2022-09-09,,GPS,47.60872,-122.336023,,
400 DEXTER AVE 400 DEXTER 1,Seattle,WA,98109,E,,,GPS,47.622264,-122.342164,,
RPNW IBM #1,Seattle,WA,98101,T,2022-09-09,,GPS,47.608495,-122.333054,,
DUAL EV SOUTH 2,Seattle,WA,98105,E,,,GPS,47.661361,-122.298284,,
RPNW FC #1,Seattle,WA,98101,T,2022-09-09,,GPS,47.608017,-122.335273,,
First Hill Medical Building,Seattle,WA,98104,T,2024-04-04,,GPS,47.60636,-122.321639,,
520 Pike Tower,Seattle,WA,98101,E,,,GPS,47.611102,-122.334893,,
Lake Union Building,Seattle,WA,98109,E,,,GPS,47.633992,-122.339684,,
Seattle-Tacoma International Airport - Terminal Direct Parking,Seattle,WA,98188,E,,P,200-8,47.443363,-122.296428,AIRPORT,False
1101 WESTLAKE FB WESTLAKE 2,Seattle,WA,98109,E,,,GPS,47.6289,-122.341536,,
AMLI MARK 24 MARK 24 1,Seattle,WA,98107,T,2023-08-06,,GPS,47.668955,-122.388808,,
DC CORRIDOR PAC SCI L2,Seattle,WA,98109,E,,,GPS,47.619056,-122.352371,,
BMGF BMGF EV 02,Seattle,WA,98109,E,,,GPS,47.623424,-122.345872,,
INSIGNIA 953 215 216,Seattle,WA,98121,E,,,GPS,47.616992,-122.343984,,
Thompson Seattle - Tesla Destination,Seattle,WA,98101,E,,P,200-8,47.610335,-122.341261,HOTEL,
Hotel 1000 - Tesla Destination,Seattle,WA,98104,E,,P,200-9,47.6049041,-122.3361893,HOTEL,
Motif Seattle - Tesla Destination,Seattle,WA,98101,E,,P,200-9,47.610166,-122.335179,HOTEL,
Hotel Theodore - Tesla Destination,Seattle,WA,98101,E,,P,200-9,47.612347,-122.334168,HOTEL,
Cedarbrook Lodge - Tesla Destination,Seattle,WA,98188,E,,P,200-9,47.4373126,-122.2876227,HOTEL,
Seattle Marriott Waterfront - Tesla Destination,Seattle,WA,98121,E,,P,200-9,47.610845,-122.347258,HOTEL,
Bedrooms & More - Tesla Destination,Seattle,WA,98105,E,,P,200-9,47.661523,-122.324913,SHOPPING_CENTER,
400 Fairview - Tesla Destination,Seattle,WA,98109,E,,P,200-9,47.622544,-122.333913,OFFICE_BLDG,
The Fairmont Olympic Hotel - Tesla Destination,Seattle,WA,98101,E,,P,200-8,47.608043,-122.334072,HOTEL,
Residence Inn by Marriott Seattle University Distric - Tesla Destination,Seattle,WA,98105,E,,P,200-9,47.661869,-122.315415,HOTEL,
Hampton Inn and Suites Seattle-Downtown - Tesla Destination,Seattle,WA,98109,E,,P,200-9,47.625675,-122.346886,HOTEL,
Four Points by Sheraton Downtown Seattle Center - Tesla Destination,Seattle,WA,98109,E,,P,200-9,47.625378,-122.344596,HOTEL,
Hotel Max - Tesla Destination,Seattle,WA,98101,E,,P,200-9,47.614141,-122.336357,HOTEL,
Shafer Baillie Mansion Bed & Breakfast - Tesla Destination,Seattle,WA,98112,E,,P,200-9,47.6270468,-122.3149606,B_AND_B,
Four Seasons Hotel Seattle - Tesla Destination,Seattle,WA,98101,E,,P,200-9,47.607651,-122.339418,HOTEL,
ALLEN INSTITUTE SOUTH,Seattle,WA,98109,E,,,GPS,47.625077,-122.339032,,
T-MOBILE PARK GRIFFEY,Seattle,WA,98134,E,,,GPS,47.589593,-122.332945,,
Washington Athletic Club Garage - Tesla Destination,Seattle,WA,98101,E,,P,200-9,47.609629,-122.333133,,
188 BLAINE ATRIUM4,Seattle,WA,98102,E,,,GPS,47.635213,-122.325845,,
188 BLAINE ATRIUM3,Seattle,WA,98102,E,,,GPS,47.635119,-122.325866,,
VIDA APARTMENTS VIDA 1,Seattle,WA,98115,E,,,GPS,47.678055,-122.314119,,
Broadway Market,Seattle,WA,98102,E,,,GPS,47.622517,-122.321407,,False
The Terminal at Ballard,Seattle,WA,98107,E,,,GPS,47.662307,-122.3697155,,False
Safeway 7300 Roosevelt Way Ne,Seattle,WA,98115,E,,,GPS,47.6825805,-122.317165,,False
AMC Loews Oak Tree 6,Seattle,WA,98133,E,,,GPS,47.7018765,-122.3430745,,False
SCH CURE P1 #5,Seattle,WA,98101,E,,,GPS,47.617016,-122.33408,,
Simon Northgate Mall,Seattle,WA,98125,E,,,GPS,47.70846,-122.32489,,
KW RADIUS RADIUS 1,Seattle,WA,98109,E,,,GPS,47.622575,-122.335481,,
"Walgreens - Seattle, WA #4157",Seattle,WA,98125,E,,,GPS,47.7084377,-122.3179225,,
South Building,Seattle,WA,98133,T,2023-09-11,,GPS,47.7033895,-122.3558363,,
The Commons at Ballard,Seattle,WA,98107,E,,,GPS,47.6699634,-122.3847489,,
Central Co-op,Seattle,WA,98122,T,2023-02-27,,GPS,47.6154894,-122.3110069,,
Juxt,Seattle,WA,98109,T,2022-11-21,,GPS,47.6266892,-122.341933,,
531620 : Centre 425/Everest,Seattle,WA,98109,E,,,GPS,47.6233435,-122.334684,,
Troy Block,Seattle,WA,98109,E,,,GPS,47.6211672,-122.3354501,,
Hill 7 Station,Seattle,WA,98101,E,,,GPS,47.6164918,-122.3324879,,
531628 : 2201 Westlake,Seattle,WA,98109,E,,,GPS,47.61809006,-122.33892,,
531622 : 818 Stewart Street Holdco LLC,Seattle,WA,98101,E,,,GPS,47.6156458,-122.3350555,,
818 Stewart Street Holdco LLC,Seattle,WA,98101,E,,,GPS,47.6156458,-122.3350555,,
531604 : 600 Broadway,Seattle,WA,98122,E,,,GPS,47.6078691,-122.3196562,,
Dimension Seattle,Seattle,WA,98121,T,2023-09-11,,GPS,47.6166344,-122.3495259,,
101 Elliott,Seattle,WA,98121,E,,,GPS,47.619075,-122.359573,,
Inn At The Market,Seattle,WA,98101,T,2022-09-09,,GPS,47.6098122,-122.3413016,,
1201 Third,Seattle,WA,98101,E,,,GPS,47.6072826,-122.3360929,,
Pike Place Market,Seattle,WA,98101,E,,,GPS,47.6091582,-122.3418441,,
Level A,Seattle,WA,98104,T,2023-09-11,,GPS,47.6048564,-122.3338286,,
Second and Seneca Tower,Seattle,WA,98101,E,,,GPS,47.6060061,-122.336716,,
Union Station Parking Garage (#USPG),Seattle,WA,98134,E,,,GPS,47.5975078,-122.328595,,
Slalom Hawk Tower,Seattle,WA,98104,E,,,GPS,47.5980919,-122.3309701,,
531610: Stadium Innovation Center,Seattle,WA,98134,E,,,GPS,47.5892477,-122.3358112,,
Seattle City Light S Service,Seattle,WA,98134,E,,,200-8,47.571333,-122.328404,,
DUAL EV STATION 5,Seattle,WA,98105,E,,,GPS,47.663902,-122.300245,,
P1 Parking Level 1,Seattle,WA,98122,T,2022-09-09,,GPS,47.613651,-122.3183251,,
"Seattle, WA - Union Street (Wall Connector) - Tesla Destination",Seattle,WA,98101,E,,P,200-9,47.610142,-122.331887,,
Walgreens #11856 Seattle WA,Seattle,WA,98109,E,,,GPS,47.619143,-122.34536,,False
Safeway 35th Ave NE,Seattle,WA,98115,E,,,GPS,47.682637521,-122.289884696,,False
Port of Seattle - Shilshole Bay Marina North Lot,Seattle,WA,98117,E,,,GPS,47.68080494,-122.4048611,,
531611 : Amazon Phase VI - Bigness,Seattle,WA,98109,E,,,GPS,47.6241877,-122.3386584,,
Bigness,Seattle,WA,98109,E,,,GPS,47.6241877,-122.3386584,,
531618 : Sidneysea LLC - Brazil,Seattle,WA,98109,E,,,GPS,47.6228746,-122.3394194,,
531619 : Apollo Eight LLC,Seattle,WA,98104,E,,,GPS,47.6039634,-122.3241159,,
Apollo Eight LLC,Seattle,WA,98104,E,,,GPS,47.6039634,-122.3241159,,
PA PA CHARGER,Seattle,WA,98121,E,,,GPS,47.612154,-122.345283,,
202 WESTLAKE P1 STATION 01,Seattle,WA,98109,T,2022-09-09,,GPS,47.61997,-122.338026,,
BROADWAY BLDG STATION 1,Seattle,WA,98122,E,,,GPS,47.616001,-122.32028,,
600NINTH 600NINTH,Seattle,WA,98104,E,,,GPS,47.605888,-122.324733,,
VBG Seattle,Seattle,WA,98164,E,,,GPS,47.60578,-122.331858,,
KC AIRPORT KC AIRPORT 2,Seattle,WA,98108,E,,,GPS,47.536812,-122.303923,,
KING COUNTY DES KC FAUNTLEROY3,Seattle,WA,98136,E,,,GPS,47.523218,-122.393376,,
KING COUNTY DES KC FAUNTLEROY2,Seattle,WA,98136,E,,,GPS,47.523056,-122.395735,,
INSIGNIA 953 150 151N,Seattle,WA,98164,E,,,GPS,47.606202,-122.33208,,
INSIGNIA 953 144 145N,Seattle,WA,98104,E,,,GPS,47.606184,-122.332135,,
Tellus on Dexter Apartments,Seattle,WA,98109,E,,,GPS,47.622505,-122.34279,,
Leilani on Greenwood,Seattle,WA,98133,T,2023-03-16,,GPS,47.7030756,-122.3556774,,
2+U,Seattle,WA,98101,E,,P,GPS,47.606659,-122.337363,PAY_GARAGE,False
SAFECO PLAZA SAFECO PLAZA #2,Seattle,WA,98154,E,,,GPS,47.606218,-122.333842,,
RPNW PSP-COBB #1,Seattle,WA,98101,T,2022-09-09,,GPS,47.608712,-122.336058,,
400 DEXTER AVE 400 DEXTER #2,Seattle,WA,98109,E,,,GPS,47.622329,-122.342153,,
VM CHARGERS VIRGINIA MASON3,Seattle,WA,98101,E,,,GPS,47.609553,-122.326337,,
VM CHARGERS VIRGINIA MASON1,Seattle,WA,98101,E,,,GPS,47.609501,-122.326457,,
MADISON GARAGE MADISON GARAGE1,Seattle,WA,98104,E,,,GPS,47.61008,-122.322151,,
INSIGNIA 953 97 98,Seattle,WA,98121,E,,,GPS,47.616729,-122.342786,,
INSIGNIA 953 214 215,Seattle,WA,98121,E,,,GPS,47.616629,-122.342611,,
INSIGNIA 953 136 137,Seattle,WA,98121,E,,,GPS,47.616703,-122.342746,,
INSIGNIA 953 95 96,Seattle,WA,98121,E,,,GPS,47.616701,-122.342813,,
INSIGNIA 953 134 135,Seattle,WA,98121,E,,,GPS,47.616676,-122.342772,,
INSIGNIA 953 180 181,Seattle,WA,98121,E,,,GPS,47.616608,-122.342771,,
INSIGNIA 953 174 175,Seattle,WA,98121,E,,,GPS,47.616642,-122.34273,,
INSIGNIA 953 142 143,Seattle,WA,98121,E,,,GPS,47.616646,-122.3428,,
INSIGNIA 953 178 179,Seattle,WA,98121,E,,,GPS,47.61659,-122.342801,,
INSIGNIA 953 212 213,Seattle,WA,98121,E,,,GPS,47.616588,-122.342651,,
INSIGNIA 953 218 219,Seattle,WA,98121,E,,,GPS,47.616537,-122.342701,,
INSIGNIA 953 140 141,Seattle,WA,98121,E,,,GPS,47.616616,-122.342831,,
INSIGNIA 953 103 104,Seattle,WA,98121,E,,,GPS,47.616679,-122.342837,,
INSIGNIA 953 101 102,Seattle,WA,98121,E,,,GPS,47.616655,-122.34286,,
RPNW IBM #2,Seattle,WA,98101,T,2024-01-19,,GPS,47.608601,-122.333012,,
KING COUNTY DES KSC STATION #6,Seattle,WA,98104,E,,,GPS,47.598754,-122.331002,,
KING COUNTY DES KSC STATION #7,Seattle,WA,98104,E,,,GPS,47.598758,-122.330972,,
KING COUNTY DES KSC STATION #3,Seattle,WA,98104,E,,,GPS,47.59856,-122.330929,,
KING COUNTY DES KSC STATION #2,Seattle,WA,98104,E,,,GPS,47.59855,-122.331009,,
KING COUNTY DES KSC STATION #4,Seattle,WA,98104,E,,,GPS,47.598665,-122.330941,,
RPNW FC #2,Seattle,WA,98101,T,2024-01-19,,GPS,47.60803,-122.335262,,
1101 WESTLAKE 1101 #1,Seattle,WA,98109,E,,,GPS,47.628886,-122.341407,,
UWMC SURGERY STATION 1,Seattle,WA,98195,E,,,GPS,47.64991,-122.307373,,
BMGF BMGF EV 01,Seattle,WA,98109,E,,,GPS,47.623464,-122.345818,,
INSIGNIA 953 190 191N,Seattle,WA,98121,E,,,GPS,47.616928,-122.343611,,
T-MOBILE PARK ICHIRO,Seattle,WA,98134,E,,,GPS,47.589652,-122.332938,,
T-MOBILE PARK FELIX,Seattle,WA,98134,E,,,GPS,47.589803,-122.332999,,
T-MOBILE PARK EDGAR,Seattle,WA,98134,E,,,GPS,47.589701,-122.332937,,
188 BLAINE ATRIUM2,Seattle,WA,98102,E,,,GPS,47.635115,-122.325799,,
SCH CURE P2 #3,Seattle,WA,98101,E,,,GPS,47.616886,-122.334045,,
SCH CURE P2 #4,Seattle,WA,98101,E,,,GPS,47.616932,-122.33399,,
DUAL EV STATION 3,Seattle,WA,98105,E,,,GPS,47.66392,-122.300272,,
DUAL EV STATION 4,Seattle,WA,98105,E,,,GPS,47.663931,-122.300224,,
DUAL EV STATION 2,Seattle,WA,98105,E,,,GPS,47.663935,-122.300285,,
DUAL EV STATION 1,Seattle,WA,98105,E,,,GPS,47.663975,-122.300272,,
202 WESTLAKE P2 STATION 01,Seattle,WA,98109,T,2022-09-09,,GPS,47.62002,-122.338144,,
KC AIRPORT KC AIRPORT 1,Seattle,WA,98108,E,,,GPS,47.53681,-122.303923,,
KING COUNTY DES KC FAUNTLEROY1,Seattle,WA,98136,E,,,GPS,47.523232,-122.393365,,
INSIGNIA 953 146 147N,Seattle,WA,98164,E,,,GPS,47.606191,-122.3321,,
INSIGNIA 953 228 229N,Seattle,WA,98164,E,,,GPS,47.606129,-122.332106,,
INSIGNIA 953 192 193N,Seattle,WA,98164,E,,,GPS,47.606171,-122.332083,,
INSIGNIA 953 152 153N,Seattle,WA,98164,E,,,GPS,47.606211,-122.332055,,
INSIGNIA 953 226 227N,Seattle,WA,98164,E,,,GPS,47.606119,-122.332135,,
INSIGNIA 953 186 187N,Seattle,WA,98164,E,,,GPS,47.60614,-122.332163,,
INSIGNIA 953 232 233N,Seattle,WA,98164,E,,,GPS,47.606148,-122.332065,,
INSIGNIA 953 234N,Seattle,WA,98164,E,,,GPS,47.606155,-122.332037,,
INSIGNIA 953 185N,Seattle,WA,98164,E,,,GPS,47.606126,-122.332195,,
INSIGNIA 953 194N,Seattle,WA,98164,E,,,GPS,47.606182,-122.33206,,
INSIGNIA 953 225N,Seattle,WA,98164,E,,,GPS,47.606111,-122.332163,,
INSIGNIA 953 143N,Seattle,WA,98104,E,,,GPS,47.606162,-122.332173,,
INSIGNIA 953 188 189N,Seattle,WA,98104,E,,,GPS,47.606153,-122.332134,,
188 BLAINE ATRIUM #1,Seattle,WA,98102,E,,,GPS,47.635108,-122.325721,,
ALLEN INSTITUTE NORTH,Seattle,WA,98109,E,,,GPS,47.625256,-122.339032,,
"Walgreens - Seattle, WA #6389",Seattle,WA,98117,T,2023-12-27,,GPS,47.6906401,-122.3767497,,
Viva Apartment Homes,Seattle,WA,98122,T,2022-09-09,,GPS,47.6129188,-122.31797319999998,,
UP EV STATION STATION 1,Seattle,WA,98105,E,,,GPS,47.662815,-122.31902,,
Alley 24 East,Seattle,WA,98109,E,,,GPS,47.620214,-122.330658,,
SAINT MARK'S SAINT MARKS,Seattle,WA,98102,E,,,GPS,47.63173,-122.32099,,
Safeway Market Street,Seattle,WA,98107,E,,,GPS,47.6683535,-122.3749615,,False
Harvard Market,Seattle,WA,98122,E,,,GPS,47.613498,-122.320931,,
DC CORRIDOR ZOO OTTER L2-S1,Seattle,WA,98103,E,,,GPS,47.670285,-122.353765,,
DC CORRIDOR ZOO OTTER L2-D2,Seattle,WA,98103,E,,,GPS,47.670287,-122.353696,,
DC CORRIDOR ZOO OTTER L2-D1,Seattle,WA,98103,E,,,GPS,47.670292,-122.353627,,
North Building,Seattle,WA,98133,T,2023-09-11,,GPS,47.703632,-122.3565066,,
SMT Garage -700 5th Ave Seattle,Seattle,WA,98104,E,,,GPS,47.60521,-122.32972,,
SMT Garage - 700 5th Ave Seattle- DC Fast Charger,Seattle,WA,98104,E,,,GPS,47.62606,-122.349,,
SEA41 SEA41 - 1,Seattle,WA,98121,E,,,GPS,47.616243,-122.340257,,
AMZ SEA40 - 5,Seattle,WA,98121,E,,,GPS,47.615052,-122.338336,,
AMZ SEA40 - 6,Seattle,WA,98121,E,,,GPS,47.614986,-122.338444,,
AMZ SEA40 - 3,Seattle,WA,98121,E,,,GPS,47.61554,-122.338778,,
AMZ SEA40 - 4,Seattle,WA,98121,E,,,GPS,47.615059,-122.338454,,
AMZ SEA40 - 2,Seattle,WA,98121,E,,,GPS,47.615399,-122.338834,,
AMZ SEA40 - 1,Seattle,WA,98121,E,,,GPS,47.615489,-122.338786,,
SEA41 SEA41 - 4,Seattle,WA,98121,E,,,GPS,47.616253,-122.340184,,
SEA41 SEA41 - 3,Seattle,WA,98121,E,,,GPS,47.616246,-122.340184,,
SEA41 SEA41 - 6,Seattle,WA,98121,E,,,GPS,47.616231,-122.340205,,
SEA41 SEA41 - 2,Seattle,WA,98121,E,,,GPS,47.616129,-122.340052,,
SEA41 SEA41 - 5,Seattle,WA,98121,E,,,GPS,47.616224,-122.340227,,
AMZ SEA25.26 - 1,Seattle,WA,98109,E,,,GPS,47.623336,-122.336584,,
AMZ SEA25.26 - 2,Seattle,WA,98109,E,,,GPS,47.62334,-122.336589,,
AMZ SEA25.26 3,Seattle,WA,98109,E,,,GPS,47.623333,-122.336648,,
AMZ SEA25.26 - 4,Seattle,WA,98109,E,,,GPS,47.623327,-122.336677,,
AMZ SEA24 01,Seattle,WA,98109,E,,,GPS,47.623442,-122.335352,,
AMZ SEA24 02,Seattle,WA,98109,E,,,GPS,47.623537,-122.335474,,
AMZ SEA20-22 001,Seattle,WA,98109,E,,,GPS,47.622775,-122.336355,,
AMZ SEA20-22 002,Seattle,WA,98109,E,,,GPS,47.622775,-122.336346,,
AMZ SEA20-22 004,Seattle,WA,98109,E,,,GPS,47.623027,-122.3365,,
AMZ SEA20-22 003,Seattle,WA,98109,E,,,GPS,47.623014,-122.336611,,
AMZ SEA27-28 P4 001,Seattle,WA,98109,E,,,GPS,47.621746,-122.336402,,
AMZ SEA27-28 P4 002,Seattle,WA,98109,E,,,GPS,47.621821,-122.33637,,
AMZ SEA27 28 P4 003,Seattle,WA,98109,E,,,GPS,47.621851,-122.336423,,
AMZ SEA29 - 1,Seattle,WA,98109,E,,,GPS,47.620496,-122.33622,,
AMZ SEA29 - 2,Seattle,WA,98109,E,,,GPS,47.620275,-122.336253,,
AMZ SEA29 - 4,Seattle,WA,98109,E,,,GPS,47.620392,-122.336265,,
AMZ SEA29 - 3,Seattle,WA,98109,E,,,GPS,47.620267,-122.336259,,
AMZ SEA29 - 5,Seattle,WA,98109,E,,,GPS,47.62036,-122.336252,,
AMZ SEA23 P1 001,Seattle,WA,98109,E,,,GPS,47.623967,-122.337695,,
AMZ SEA42 - 7,Seattle,WA,98121,E,,,GPS,47.61664,-122.338877,,
AMZ SEA42 - 1,Seattle,WA,98121,E,,,GPS,47.61669,-122.338963,,
AMZ SEA42 - 9,Seattle,WA,98121,E,,,GPS,47.616677,-122.339024,,
AMZ SEA42 - 8,Seattle,WA,98121,E,,,GPS,47.616684,-122.339013,,
AMZ SEA42 - 3,Seattle,WA,98121,E,,,GPS,47.616676,-122.338931,,
AMZ SEA42 - 4,Seattle,WA,98121,E,,,GPS,47.61669,-122.338985,,
AMZ SEA42 - 10,Seattle,WA,98121,E,,,GPS,47.616684,-122.33897,,
AMZ SEA42 - 2,Seattle,WA,98121,E,,,GPS,47.616712,-122.33907,,
AMZ SEA42 - 6,Seattle,WA,98121,E,,,GPS,47.616632,-122.338942,,
AMZ SEA42 - 5,Seattle,WA,98121,E,,,GPS,47.616654,-122.338888,,
AMZ SEA43 - 5,Seattle,WA,98121,E,,,GPS,47.61751,-122.340955,,
AMZ SEA43 - 2,Seattle,WA,98121,E,,,GPS,47.617453,-122.341014,,
AMZ SEA43 - 7,Seattle,WA,98121,E,,,GPS,47.61751,-122.34093,,
AMZ SEA43 - 6,Seattle,WA,98121,E,,,GPS,47.617528,-122.340928,,
AMZ SEA43 - 3,Seattle,WA,98121,E,,,GPS,47.617473,-122.340993,,
AMZ SEA43 - 4,Seattle,WA,98121,E,,,GPS,47.617495,-122.340974,,
AMZ SEA43 - 1,Seattle,WA,98121,E,,,GPS,47.617429,-122.341037,,
AMZ SEA44 - 2,Seattle,WA,98121,E,,,GPS,47.617264,-122.340534,,
AMZ SEA44 - 3,Seattle,WA,98121,E,,,GPS,47.617287,-122.340505,,
AMZ SEA44 - 4,Seattle,WA,98121,E,,,GPS,47.617307,-122.340479,,
AMZ SEA44 - 1,Seattle,WA,98121,E,,,GPS,47.617228,-122.340588,,
The Century Apartments - Retail Parking,Seattle,WA,98109,E,,,GPS,47.618918,-122.346874,,
The Century Apartments - Residential Parking,Seattle,WA,98109,T,2024-04-12,,GPS,47.619488,-122.346886,,
HUB Garage,Seattle,WA,98188,E,,,GPS,47.43001676,-122.2961501,,
Cochran Main Office,Seattle,WA,98133,T,2023-09-11,,GPS,47.7199844,-122.3440925,,
Troy Block (Stations Not Installed),Seattle,WA,98109,T,2023-09-11,,GPS,47.6212213,-122.3353408,,
Pike Motorworks,Seattle,WA,98122,T,2023-09-11,,GPS,47.6147668,-122.3226291,,
431602 : Kinects Tower - 1823 Minor Avenue,Seattle,WA,98101,E,,,GPS,47.6171782,-122.3313731,,
1600 Seventh,Seattle,WA,98191,E,,,GPS,47.6132353,-122.3344034,,
Queen Anne Square,Seattle,WA,98119,E,,,GPS,47.6246042,-122.35931820000002,,
Washington State Convention Center Parking Garage,Seattle,WA,98101,E,,,GPS,47.611378281765,-122.3314401402,,
531616 - Marion & Minor Garage,Seattle,WA,98104,E,,,GPS,47.6091997,-122.3241094,,
450 Alaskan Garage,Seattle,WA,98104,E,,,GPS,47.5987016,-122.3351902,,
"Port of Seattle, Fishermen\'s Terminal, West Wall BLDG",Seattle,WA,98199,E,,,GPS,47.65588111,-122.3827633,,
531613 - 1000-1100 Dexter Avenue N,Seattle,WA,98109,E,,,GPS,47.6283848,-122.3418983,,
Sidneysea LLC - Brazil,Seattle,WA,98109,E,,,GPS,47.6228746,-122.3394194,,
505 First Garage,Seattle,WA,98104,E,,,GPS,47.5974244,-122.3347174,,
1007 Stewart Street/ service decline,Seattle,WA,98101,E,,,GPS,47.6163395,-122.3330877,,
"531603: 701 Pike Street (Seattle), LLC",Seattle,WA,98101,E,,,GPS,47.6035183,-122.3329014,,
Starbucks Center Main Parking Lot,Seattle,WA,98134,E,,,GPS,47.581142,-122.3357333,,
The Corydon,Seattle,WA,98105,E,,,GPS,47.618848,-122.3467506,,
Waterfront Place,Seattle,WA,98104,E,,,GPS,47.6044756,-122.3378981,,
"Walgreens - Seattle, WA #4898",Seattle,WA,98126,T,2024-04-04,,GPS,47.5454638,-122.3764102,,
CPA STATION 10,Seattle,WA,98109,E,,,GPS,47.621409,-122.353711,,
CPA STATION 4,Seattle,WA,98109,E,,,GPS,47.621311,-122.353622,,
CPA STATION 3,Seattle,WA,98109,E,,,GPS,47.621313,-122.353652,,
CPA STATION 12,Seattle,WA,98109,E,,,GPS,47.621413,-122.353638,,
CPA STATION 8,Seattle,WA,98109,E,,,GPS,47.621376,-122.353648,,
CPA STATION 11,Seattle,WA,98109,E,,,GPS,47.621411,-122.353676,,
CPA STATION 1,Seattle,WA,98109,T,2022-09-09,,GPS,47.62131,-122.353703,,
CPA STATION 5,Seattle,WA,98109,E,,,GPS,47.621312,-122.353589,,
CPA STATION 7,Seattle,WA,98109,E,,,GPS,47.621377,-122.353675,,
CPA STATION 6,Seattle,WA,98109,E,,,GPS,47.621377,-122.353708,,
CPA STATION 2,Seattle,WA,98109,E,,,GPS,47.621309,-122.353679,,
CPA STATION 9,Seattle,WA,98109,E,,,GPS,47.621378,-122.35362,,
THE OLIVIAN OLIVIAN #1,Seattle,WA,98101,E,,,GPS,47.614104,-122.33319,,
THE OLIVIAN OLIVIAN #2,Seattle,WA,98101,E,,,GPS,47.614112,-122.333147,,
1111 THIRD AVE SENECA GARAGE 1,Seattle,WA,98104,E,,,GPS,47.606279,-122.335205,,
THE MORROW APTS STATION 1,Seattle,WA,98103,E,,,GPS,47.691832,-122.35681,,
THE MORROW APTS STATION 2,Seattle,WA,98103,E,,,GPS,47.69158,-122.356266,,
1616 EASTLAKE ARE 1616 #1,Seattle,WA,98102,E,,,GPS,47.634438,-122.324583,,
4th & Madison,Seattle,WA,98104,E,,,GPS,47.605192,-122.33285,,
BUTLER GARAGE BUTLER EV #1,Seattle,WA,98104,E,,,GPS,47.602544,-122.33301,,
BUTLER GARAGE BUTLER EV #2,Seattle,WA,98104,E,,,GPS,47.602553,-122.332883,,
"Walgreens - Seattle, WA #6259 P894",Seattle,WA,98106,T,2023-10-19,,GPS,47.517917,-122.354531,,
City of Seattle 1010 8th Ave,Seattle,WA,98134,E,,,GPS,47.593975,-122.324221,,
REN DENNY CTR1,Seattle,WA,98121,E,,,GPS,47.618226,-122.333907,,
REN DENNY CTR2,Seattle,WA,98121,E,,,GPS,47.61823,-122.33392,,
REN DENNY CTR3,Seattle,WA,98121,E,,,GPS,47.618233,-122.33391,,
REN DENNY CTR4,Seattle,WA,98121,E,,,GPS,47.618223,-122.334017,,
REN DENNY CTR5,Seattle,WA,98121,E,,,GPS,47.618246,-122.333948,,
REN DENNY CTR6,Seattle,WA,98121,E,,,GPS,47.618237,-122.33389,,
REN DENNY CTR7,Seattle,WA,98121,E,,,GPS,47.618244,-122.33387,,
REN DENNY CTR8,Seattle,WA,98121,E,,,GPS,47.61824,-122.333855,,
525 NORTHGATE RETAIL #2,Seattle,WA,98125,E,,,GPS,47.707867,-122.321702,,
Ballard Flats,Seattle,WA,98107,E,,,GPS,47.6743748,-122.3878536,,
Port of Seattle - Shilshole Bay Marina South Lot,Seattle,WA,98117,E,,,GPS,47.6807529,-122.4047949,,
City Investors XXIII LLC,Seattle,WA,98104,T,2023-09-11,,GPS,47.5975217,-122.3276786,,
Hampton Inn Seattle Airport,Seattle,WA,98188,T,2023-02-27,,GPS,47.4274546,-122.2958586,,
DC CORRIDOR SO SEA COL L2-B,Seattle,WA,98106,T,2023-12-16,,GPS,47.546287,-122.351925,,
5TH BELL SEA STATION1,Seattle,WA,98121,T,2023-11-01,,GPS,47.615891,-122.343135,,
5TH BELL SEA STATION2,Seattle,WA,98121,T,2023-11-01,,GPS,47.61588,-122.343138,,
DC CORRIDOR SCC GTOWN L2-2,Seattle,WA,98108,E,,,GPS,47.542318,-122.32446,,
525 NORTHGATE RESIDENTIAL #2,Seattle,WA,98125,E,,,GPS,47.70779,-122.321726,,
525 NORTHGATE RESIDENTIAL #1,Seattle,WA,98125,E,,,GPS,47.707814,-122.321637,,
PRISM STATIONS PRISM STATION 2,Seattle,WA,98125,E,,,GPS,47.706929,-122.320888,,
PRISM STATIONS PRISM STATION 1,Seattle,WA,98125,E,,,GPS,47.706948,-122.320856,,
DC CORRIDOR SO SEA COL L2-A,Seattle,WA,98106,T,2023-12-14,,GPS,47.546291,-122.351988,,
Array Apartments,Seattle,WA,98125,E,,,GPS,47.731273,-122.293062,,
DC CORRIDOR SCC GTOWN L2-1,Seattle,WA,98108,E,,,GPS,47.542276,-122.324533,,
BMGF BMGF EV 06,Seattle,WA,98109,E,,,GPS,47.623302,-122.345789,,
BMGF BMGF EV 03,Seattle,WA,98109,E,,,GPS,47.623345,-122.345853,,
BMGF BMGF EV 05,Seattle,WA,98109,E,,,GPS,47.623274,-122.345984,,
BMGF BMGF EV 04,Seattle,WA,98109,E,,,GPS,47.623307,-122.345933,,
BMGF BMGF EV 08,Seattle,WA,98109,E,,,GPS,47.623224,-122.345917,,
BMGF BMGF EV 07,Seattle,WA,98109,E,,,GPS,47.62326,-122.345845,,
Stadium Place,Seattle,WA,98134,E,,,GPS,47.5977415,-122.3329233,,
The Lyric,Seattle,WA,98102,E,,,GPS,47.6206301,-122.3198568,,
KING COUNTY DES GOAT HILL #2,Seattle,WA,98104,T,2022-09-09,,GPS,47.603058,-122.327446,,
KING COUNTY DES GOAT HILL #3,Seattle,WA,98104,T,2022-09-09,,GPS,47.603016,-122.3274,,
KING COUNTY DES GOAT HILL #1,Seattle,WA,98104,T,2022-09-09,,GPS,47.6031,-122.327484,,
KING COUNTY DES GOAT HILL #6,Seattle,WA,98104,T,2022-09-09,,GPS,47.603149,-122.327507,,
KING COUNTY DES GOAT HILL #4,Seattle,WA,98104,T,2022-09-09,,GPS,47.602955,-122.327339,,
KING COUNTY DES GOAT HILL #5,Seattle,WA,98104,T,2022-09-09,,GPS,47.603241,-122.327568,,
Hotel Monaco Seattle,Seattle,WA,98101,T,2023-09-11,,GPS,47.607141,-122.333917,,
EUF GARAGE EUF STATION 2,Seattle,WA,98119,E,,,GPS,47.621304,-122.357684,,
First Hill Medical Pavillion,Seattle,WA,98104,T,2023-02-27,,GPS,47.6086439,-122.3236997,,
Lexington,Seattle,WA,98104,T,2022-09-09,,GPS,47.6065736,-122.3230702,,
PIKE PLACE STALL #895 #894,Seattle,WA,98101,E,,,GPS,47.609487,-122.342908,,
LAWRENCE LOFTS LL COMMERCIAL,Seattle,WA,98122,T,2023-09-15,,GPS,47.616857,-122.307818,,
2600 Elliott Garage,Seattle,WA,98121,E,,,GPS,47.614387,-122.35162200000002,,
Pike Place Market,Seattle,WA,98101,T,2022-09-14,,GPS,47.6094628,-122.3428431,,
Mason & Main,Seattle,WA,98144,E,,,GPS,47.6004833,-122.31738,,
Harborview Medical Center,Seattle,WA,98104,E,,,GPS,47.605477,-122.323427,,
REI,Seattle,WA,98109,E,,,GPS,47.62066,-122.32952,,
Northgate Mall,Seattle,WA,98125,T,2024-04-13,,GPS,47.7033,-122.32519,,
Modera First Hill,Seattle,WA,98144,T,2022-09-28,,GPS,47.6013484,-122.3179139,,
"ARE-Seattle No. 12, LLC",Seattle,WA,98109,E,,P,200-8,47.25033,-122.18104,PARKING_GARAGE,False
Hilton Seattle Airport,Seattle,WA,98188,E,,,GPS,47.444398,-122.29516,,
SEA41 SEA41-7,Seattle,WA,98121,E,,,GPS,47.616076,-122.339828,,
SEA41 SEA41-10,Seattle,WA,98121,E,,,GPS,47.616069,-122.339836,,
SEA41 SEA41-9,Seattle,WA,98121,E,,,GPS,47.616081,-122.339836,,
SEA41 SEA41-21,Seattle,WA,98121,E,,,GPS,47.616062,-122.339797,,
SEA41 SEA41-22,Seattle,WA,98121,E,,,GPS,47.616069,-122.339786,,
SEA41 SEA41-23,Seattle,WA,98121,E,,,GPS,47.616069,-122.339818,,
SEA41 SEA41-17,Seattle,WA,98121,E,,,GPS,47.616026,-122.339818,,
SEA41 SEA41-16,Seattle,WA,98121,E,,,GPS,47.616069,-122.339882,,
SEA41 SEA41-24,Seattle,WA,98121,E,,,GPS,47.616062,-122.339845,,
SEA41 SEA41-19,Seattle,WA,98121,E,,,GPS,47.616055,-122.339829,,
SEA41 SEA41-20,Seattle,WA,98121,E,,,GPS,47.616055,-122.33985,,
SEA41 SEA41-12,Seattle,WA,98121,E,,,GPS,47.616071,-122.339854,,
SEA41 SEA41-11,Seattle,WA,98121,E,,,GPS,47.616083,-122.33985,,
SEA41 SEA41-14,Seattle,WA,98121,E,,,GPS,47.616082,-122.339821,,
SEA41 SEA41-15,Seattle,WA,98121,T,2023-10-14,,GPS,47.616076,-122.339754,,
AMZ SEA42-17,Seattle,WA,98119,E,,,GPS,47.616259,-122.338853,,
AMZ SEA42-15,Seattle,WA,98119,E,,,GPS,47.616265,-122.338863,,
AMZ SEA42-16,Seattle,WA,98119,E,,,GPS,47.616277,-122.338872,,
AMZ SEA42-18,Seattle,WA,98119,E,,,GPS,47.616259,-122.338839,,
AMZ SEA42-13,Seattle,WA,98119,E,,,GPS,47.616276,-122.338848,,
AMZ SEA42-12,Seattle,WA,98119,E,,,GPS,47.616271,-122.338868,,
AMZ SEA42-14,Seattle,WA,98119,E,,,GPS,47.61628,-122.338861,,
SEA41 SEA41-8,Seattle,WA,98121,E,,,GPS,47.616076,-122.339844,,
SEA41 SEA41-13,Seattle,WA,98121,E,,,GPS,47.61607,-122.339824,,
AMZ SEA40-7,Seattle,WA,98121,E,,,GPS,47.615307,-122.338225,,
AMZ SEA40-9,Seattle,WA,98121,E,,,GPS,47.615314,-122.338234,,
AMZ SEA40-13,Seattle,WA,98121,E,,,GPS,47.61532,-122.338246,,
AMZ SEA40-11,Seattle,WA,98121,E,,,GPS,47.615305,-122.338215,,
AMZ SEA40-10,Seattle,WA,98121,E,,,GPS,47.615303,-122.338242,,
AMZ SEA40-8,Seattle,WA,98121,E,,,GPS,47.615311,-122.338245,,
AMZ SEA40-12,Seattle,WA,98121,E,,,GPS,47.615297,-122.338221,,
AMZ SEA44-5,Seattle,WA,98121,E,,,GPS,47.616662,-122.340786,,
AMZ SEA44-7,Seattle,WA,98121,E,,,GPS,47.616653,-122.340794,,
AMZ SEA44-6,Seattle,WA,98121,E,,,GPS,47.616663,-122.340804,,
AMZ SEA44-9,Seattle,WA,98121,E,,,GPS,47.616663,-122.340794,,
Lumen Field Parking Garage,Seattle,WA,98104,E,,P,GPS,47.5926384626354,-122.330869270063,PARKING_GARAGE,False
Puget Sound Solar,Seattle,WA,98144,E,,P,GPS,47.5955737030563,-122.311841805333,PARKING_LOT,False
800 Fifth Avenue Parking Garage,Seattle,WA,98104,E,,P,GPS,47.6054544002366,-122.330085418863,PARKING_GARAGE,False
US Bank Center Garage,Seattle,WA,98101,E,,P,GPS,47.610826048907,-122.334346934116,PARKING_GARAGE,False
Stone Way N Parking Garage,Seattle,WA,98103,E,,P,GPS,47.6492281351155,-122.342061617054,PARKING_GARAGE,False
University of Washington - Parking Area W40,Seattle,WA,98105,E,,P,GPS,47.6548806651459,-122.319211227533,PARKING_LOT,False
University of Washington - Parking Lot N22,Seattle,WA,98195,E,,P,GPS,47.6560149395404,-122.305003488076,PARKING_LOT,False
Union Bay Plaza,Seattle,WA,98105,E,,P,GPS,47.6619766883491,-122.293346008603,PARKING_LOT,False
BIOMED REALTY DEXTER YARD-S1,Seattle,WA,98109,E,,,GPS,47.625629,-122.342054,,
BIOMED REALTY DEXTER YARD-S4,Seattle,WA,98109,E,,,GPS,47.625821,-122.342051,,
1800 Ninth Building,Seattle,WA,98101,E,,,GPS,47.615249,-122.3332564,,
The Alexis Royal Sonesta Hotel Seattle,Seattle,WA,98104,E,,,GPS,47.604891,-122.336815,,
Columbia Center Tower,Seattle,WA,98104,E,,,GPS,47.604817,-122.330568,,
KING COUNTY DES SAFETY TRAIN 2,Seattle,WA,98118,E,,,GPS,47.512,-122.28809,,
KING COUNTY DES SAFETY TRAIN 3,Seattle,WA,98118,E,,,GPS,47.511906,-122.2884,,
KING COUNTY DES SAFETY TRAIN 4,Seattle,WA,98118,E,,,GPS,47.51099,-122.29256,,
521603_Pike Tower,Seattle,WA,98101,E,,,GPS,47.611198,-122.334788,,
"Walgreens at 4412 Rainier Ave, Seattle",Seattle,WA,98118,E,,,GPS,47.563966,-122.287468,,
Safeway 4011 S 164th,Seattle,WA,98188,E,,,GPS,47.45568,-122.281965,,
SCC SUMMIT SCC SUMMIT #1,Seattle,WA,98101,E,,,GPS,47.615003,-122.331809,,
SCC SUMMIT SCC SUMMIT #3,Seattle,WA,98101,E,,,GPS,47.61488,-122.331476,,
SCC SUMMIT SCC SUMMIT #2,Seattle,WA,98101,E,,,GPS,47.614938,-122.331583,,
SCC SUMMIT SCC SUMMIT #4,Seattle,WA,98101,E,,,GPS,47.614938,-122.331508,,
Portage Bay,Seattle,WA,98102,E,,,GPS,47.648127,-122.317529,,
Arrive Noba Apartments,Seattle,WA,98117,T,2023-09-11,,GPS,47.6874796,-122.3763969,,
ARTIX ARTIX 1,Seattle,WA,98109,E,,,GPS,47.622256,-122.356564,,
Eclipse Fremont,Seattle,WA,98103,E,,,GPS,47.6539512,-122.3469551,,
AMZ SEA29 - 6,Seattle,WA,98109,T,2024-04-04,,GPS,47.620085,-122.336021,,
ARTIX ARTIX 2,Seattle,WA,98109,E,,,GPS,47.622256,-122.356521,,
BIOMED REALTY DEXTER YARD-S2,Seattle,WA,98109,E,,,GPS,47.625644,-122.341968,,
BIOMED REALTY DEXTER YARD-S5,Seattle,WA,98109,E,,,GPS,47.625645,-122.341914,,
BIOMED REALTY DEXTER YARD- S3,Seattle,WA,98109,E,,,GPS,47.625578,-122.342054,,
SEATTLE HQ 2014-2015,Seattle,WA,98119,T,2024-04-17,,GPS,47.628913,-122.374255,,
SEATTLE HQ 1022-1023,Seattle,WA,98119,T,2024-01-24,,GPS,47.629005,-122.37427,,
SEATTLE HQ 2002-2003,Seattle,WA,98119,E,,,GPS,47.628833,-122.374083,,
SEATTLE HQ 2247-2248,Seattle,WA,98119,E,,,GPS,47.62887,-122.37405,,
SEATTLE HQ 2242-2243,Seattle,WA,98119,E,,,GPS,47.628949,-122.374183,,
SEATTLE HQ 2238-2239,Seattle,WA,98119,T,2024-04-17,,GPS,47.62902,-122.374217,,
SEATTLE HQ 2012-2013,Seattle,WA,98119,T,2024-04-17,,GPS,47.628906,-122.374292,,
SEATTLE HQ 2244,Seattle,WA,98119,E,,,GPS,47.628952,-122.374166,,
SEATTLE HQ 2008-2009,Seattle,WA,98119,E,,,GPS,47.62877,-122.374164,,
SEATTLE HQ 2004-2005,Seattle,WA,98119,E,,,GPS,47.628734,-122.374079,,
SEATTLE HQ 2240-2241,Seattle,WA,98119,T,2024-04-17,,GPS,47.628986,-122.374253,,
SEATTLE HQ 2245-2246,Seattle,WA,98119,E,,,GPS,47.628828,-122.374029,,
SEATTLE HQ 2006-2007,Seattle,WA,98119,T,2024-04-17,,GPS,47.628831,-122.374123,,
SEATTLE HQ 2249-2250,Seattle,WA,98119,E,,,GPS,47.628816,-122.374053,,
SEATTLE HQ 2251-2252,Seattle,WA,98119,E,,,GPS,47.62879,-122.373934,,
SEATTLE HQ 2253-2254,Seattle,WA,98119,E,,,GPS,47.628781,-122.373925,,
SEATTLE HQ 2016-2017,Seattle,WA,98119,T,2024-04-17,,GPS,47.628977,-122.374338,,
SEATTLE HQ 2010-2011,Seattle,WA,98119,T,2024-04-17,,GPS,47.628839,-122.374202,,
SEATTLE HQ STATION 1,Seattle,WA,98119,E,,,GPS,47.630845,-122.377326,,
SEATTLE HQ STATION 3,Seattle,WA,98119,E,,,GPS,47.630379,-122.377129,,
SEATTLE HQ STATION 2,Seattle,WA,98119,E,,,GPS,47.630731,-122.377299,,
SEATTLE HQ STATION 4,Seattle,WA,98119,E,,,GPS,47.630844,-122.377344,,
Helm,Seattle,WA,98109,T,2023-09-11,,GPS,47.6250127,-122.3364747,,
Mera,Seattle,WA,98109,T,2023-05-31,,GPS,47.6254177,-122.335525,,
Fred Hutchinson - Cancer Center,Seattle,WA,98109,T,2024-04-04,,GPS,47.626531,-122.329993,,
AMZ SEA25.26-5,Seattle,WA,98109,E,,,GPS,47.624088,-122.336144,,
AMZ SEA25.26-6,Seattle,WA,98109,E,,,GPS,47.624117,-122.336165,,
AMZ SEA25.26-7,Seattle,WA,98109,E,,,GPS,47.624108,-122.33611,,
AMZ SEA25.26-8,Seattle,WA,98109,E,,,GPS,47.624088,-122.336176,,
AMZ SEA25.26-9,Seattle,WA,98109,E,,,GPS,47.624137,-122.336153,,
AMZ SEA25.26-10,Seattle,WA,98109,E,,,GPS,47.624035,-122.336045,,
AMZ SEA25.26- 11,Seattle,WA,98109,E,,,GPS,47.624014,-122.336271,,
AMZ SEA24 03,Seattle,WA,98109,E,,,GPS,47.624139,-122.335419,,
AMZ SEA24 07,Seattle,WA,98109,E,,,GPS,47.623947,-122.335413,,
AMZ SEA24 06,Seattle,WA,98109,E,,,GPS,47.624,-122.335571,,
AMZ SEA24 08,Seattle,WA,98109,E,,,GPS,47.623978,-122.335571,,
AMZ SEA24 05,Seattle,WA,98109,E,,,GPS,47.623864,-122.335662,,
AMZ SEA24 04,Seattle,WA,98109,E,,,GPS,47.62398,-122.335809,,
AMZ SEA29 - 7,Seattle,WA,98109,E,,,GPS,47.620482,-122.336253,,
AMZ SEA29 - 9,Seattle,WA,98109,E,,,GPS,47.62044,-122.336175,,
AMZ SEA29 - 8,Seattle,WA,98109,E,,,GPS,47.621486,-122.336188,,
AMZ SEA23 - 3,Seattle,WA,98109,E,,,GPS,47.623798,-122.337642,,
AMZ SEA23-2,Seattle,WA,98109,E,,,GPS,47.623911,-122.337694,,
AMZ SEA27-28 P4 004,Seattle,WA,98109,E,,,GPS,47.621342,-122.336349,,
AMZ SEA27-28 P4 005,Seattle,WA,98109,E,,,GPS,47.621341,-122.336351,,
AGC OF WA STATION 1,Seattle,WA,98109,T,2023-08-25,,GPS,47.629205,-122.339422,,
AGC OF WA STATION 2,Seattle,WA,98109,T,2023-08-23,,GPS,47.629254,-122.339434,,
AGC OF WA STATION 3,Seattle,WA,98109,T,2023-08-23,,GPS,47.6293,-122.339449,,
NRV NORTHGATE,Seattle,WA,98125,E,,,GPS,47.702793,-122.32588,,
AMZ SEA43 - 18,Seattle,WA,98121,E,,,GPS,47.617519,-122.340205,,
AMZ SEA43 - 12,Seattle,WA,98121,E,,,GPS,47.617496,-122.340242,,
AMZ SEA43 - 15,Seattle,WA,98121,E,,,GPS,47.617506,-122.340219,,
AMZ SEA43 - 19,Seattle,WA,98121,E,,,GPS,47.617525,-122.340196,,
AMZ SEA43 - 16,Seattle,WA,98121,E,,,GPS,47.61751,-122.340215,,
AMZ SEA43 - 13,Seattle,WA,98121,E,,,GPS,47.6175,-122.340235,,
AMZ SEA43 - 14,Seattle,WA,98121,E,,,GPS,47.617505,-122.340227,,
AMZ SEA43 - 10,Seattle,WA,98121,E,,,GPS,47.617454,-122.34029,,
AMZ SEA43 - 8,Seattle,WA,98121,E,,,GPS,47.617405,-122.340395,,
AMZ SEA43 - 11,Seattle,WA,98121,E,,,GPS,47.617498,-122.340269,,
AMZ SEA43 - 17,Seattle,WA,98121,E,,,GPS,47.617439,-122.340315,,
AMZ SEA43 - 9,Seattle,WA,98121,E,,,GPS,47.617425,-122.340333,,
CID - 7th Ave S,Seattle,WA,98104,E,,,GPS,47.597097,-122.323903,,
GILEAD SEATTLE GILEAD SEA 2,Seattle,WA,98102,E,,,GPS,47.634499,-122.326277,,
GILEAD SEATTLE GILEAD SEA 3,Seattle,WA,98102,E,,,GPS,47.634528,-122.326341,,
GILEAD SEATTLE GILEAD SEA 1,Seattle,WA,98102,E,,,GPS,47.634499,-122.326374,,
Central District MLK Jr Way S,Seattle,WA,98144,E,,,GPS,47.60025,-122.29722,,
6100 Building,Seattle,WA,98108,E,,,GPS,47.5469551,-122.3288731,,
"531612 : PRISA Market Place Tower WA, LLC c/o CBRE",Seattle,WA,98121,E,,,GPS,47.6113722,-122.343703,,
(Public P1) Commons at Ballard,Seattle,WA,98107,E,,,GPS,47.66981,-122.38494,,
431607 : AVA Belltown,Seattle,WA,98121,E,,,GPS,47.6160967,-122.3527187,,
431608 : AVA Queen Anne,Seattle,WA,98119,E,,,GPS,47.6215389,-122.3602985,,
431603 : AVA Capitol Hill,Seattle,WA,98122,E,,,GPS,47.6148399,-122.3241666,,
Arbor Blocks,Seattle,WA,98109,E,,,GPS,47.6212984,-122.3407408,,
The Martin,Seattle,WA,98121,E,,,GPS,47.6144471,-122.3410102,,
Youngstown Flats,Seattle,WA,98106,T,2024-02-15,,GPS,47.56716777356541,-122.36484747520292,,
Thrive,Seattle,WA,98122,E,,,GPS,47.61360885799295,-122.31579498724822,,
CityLine,Seattle,WA,98119,E,,,GPS,47.5597763,-122.2911963,,
Willow Crossing,Seattle,WA,98118,E,,,GPS,47.5403411,-122.2832798,,
Seola Gardens,Seattle,WA,98146,T,2023-09-11,,GPS,47.502354,-122.34112,,
Broadstone Strata,Seattle,WA,98105,E,,,GPS,47.664513531216464,-122.30001030443889,,
Linden Flats Charger Station,Seattle,WA,98133,T,2023-09-11,,GPS,47.7265843,-122.347325,,
AMZ SEA20-22 005,Seattle,WA,98109,E,,,GPS,47.622867,-122.336753,,
Fremont Village Square,Seattle,WA,98103,E,,,GPS,47.651792,-122.352916,,
1700 Seventh,Seattle,WA,98101,E,,,GPS,47.614019,-122.335273,,
AMZ SEA27-28 P6 007,Seattle,WA,98109,E,,,GPS,47.621558,-122.336929,,
AMZ SEA27-28 P3 012,Seattle,WA,98109,E,,,GPS,47.621611,-122.336961,,
AMZ SEA27-28 P3 013,Seattle,WA,98109,E,,,GPS,47.621517,-122.336996,,
AMZ SEA27-28 P3 014,Seattle,WA,98109,E,,,GPS,47.621596,-122.337002,,
AMZ SEA27-28 P3 015,Seattle,WA,98109,E,,,GPS,47.621564,-122.336999,,
AMZ SEA27-28 P5 010,Seattle,WA,98109,E,,,GPS,47.621597,-122.337012,,
AMZ SEA27-28 P5 011,Seattle,WA,98109,E,,,GPS,47.621624,-122.336999,,
AMZ SEA27-28 P5 009,Seattle,WA,98109,E,,,GPS,47.621547,-122.33698,,
AMZ SEA27-28 P6 008,Seattle,WA,98109,E,,,GPS,47.621566,-122.336961,,
AMZ SEA27-28 P6 006,Seattle,WA,98109,E,,,GPS,47.621587,-122.336956,,
Aspen Ridge Apartments,Seattle,WA,98178,E,,,GPS,47.4902,-122.2493,,
Nia Apartments,Seattle,WA,98106,E,,,GPS,47.51424,-122.34568,,
BMR-NORTHEDGE NORTHEDGE #1,Seattle,WA,98103,E,,,GPS,47.64787,-122.33814,,
PIKE PLACE STALL 204 & 205,Seattle,WA,98101,E,,,GPS,47.60852,-122.34208,,
PIKE PLACE STALL 202 & 203,Seattle,WA,98101,E,,,GPS,47.608639,-122.342184,,
Fremont - N 45th St,Seattle,WA,98107,E,,,GPS,47.66138,-122.354868,,
Neighborhood House - Zev Co-Op Public,Seattle,WA,98126,E,,,GPS,47.54486,-122.3722,,
Discovery Place Condos,Seattle,WA,98199,E,,P,GPS,47.66,-122.4,MULTI_UNIT_DWELLING,False
PIKE PLACE STALL 887 & 886,Seattle,WA,98101,E,,,GPS,47.609463,-122.342843,,
PIKE PLACE STALL 206 & 207,Seattle,WA,98101,E,,,GPS,47.608994,-122.342068,,
PIKE PLACE STALL 208 & 209,Seattle,WA,98101,E,,,GPS,47.608951,-122.342068,,
PIKE PLACE STALL 210 & 211,Seattle,WA,98101,E,,,GPS,47.608929,-122.342047,,
Ramayana Apartments,Seattle,WA,98102,E,,,GPS,47.61945391175123,-122.32254786164084,,
Lighthouse Apartments,Seattle,WA,98144,E,,P,200-8,47.58535,-122.30052,MULTI_UNIT_DWELLING,False
Seattle - Page One Automotive,Seattle,WA,98108,E,,P,200-8,47.51799,-122.32796,FLEET_GARAGE,False
The Waverly,Seattle,WA,98109,E,,,GPS,47.6202877,-122.3407099,,
Fairmount Park CA Ave SW,Seattle,WA,98116,E,,,GPS,47.557984,-122.386588,,
South Lake Union - Pontius,Seattle,WA,98109,E,,,GPS,47.621398,-122.332169,,
Hawthorne,Seattle,WA,98119,E,,,GPS,47.62025721078499,-122.35766822727732,,
Stevens - 20th Ave E,Seattle,WA,98112,E,,,GPS,47.624082,-122.306103,,
Wallingford - Stone Way N,Seattle,WA,98103,E,,,GPS,47.658733,-122.342392,,
Capitol Hill - Bellevue Ave E,Seattle,WA,98102,E,,,GPS,47.61934,-122.326514,,
RMR Union East Parking Garage,Seattle,WA,98119,E,,,GPS,47.62253020451757,-122.36378268862852,,
Komo Plaza Garage,Seattle,WA,98109,E,,,GPS,47.61963111516519,-122.34822224825623,PUBLIC,
Residence Inn by Marriott - Tesla Destination,Seattle,WA,98109,E,,P,GPS,47.6265091772018,-122.333396382022,HOTEL,False
UWMC SURGERY STATION 2,Seattle,WA,98195,E,,,GPS,47.649899,-122.307363,,
AMZ SEA42 - 19,Seattle,WA,98109,E,,,GPS,47.62028,-122.343819,,
AMZ SEA42 - 20,Seattle,WA,98119,E,,,GPS,47.616361,-122.338907,,
AMZ SEA42 - 21,Seattle,WA,98121,E,,,GPS,47.616426,-122.338861,,
AMZ SEA42 - 24,Seattle,WA,98121,E,,,GPS,47.616431,-122.338887,,
AMZ SEA42 - 25,Seattle,WA,98119,E,,,GPS,47.61643,-122.338839,,
AMZ SEA42 - 26,Seattle,WA,98119,E,,,GPS,47.616422,-122.338744,,
AMZ SEA42 - 22,Seattle,WA,98121,E,,,GPS,47.616332,-122.339025,,
AMZ SEA42 - 27,Seattle,WA,98119,E,,,GPS,47.616428,-122.338808,,
AMZ SEA42 - 28,Seattle,WA,98121,E,,,GPS,47.616789,-122.338601,,
AMZ SEA42 - 29,Seattle,WA,98121,E,,,GPS,47.616346,-122.338998,,
AMZ SEA42 - 30,Seattle,WA,98121,E,,,GPS,47.61633,-122.339038,,
AMZ SEA42 - 31,Seattle,WA,98121,E,,,GPS,47.616349,-122.339014,,
AMZ SEA42 - 32,Seattle,WA,98119,E,,,GPS,47.616271,-122.338882,,
AMZ SEA42 - 33,Seattle,WA,98119,E,,,GPS,47.616289,-122.33887,,
AMZ SEA42 - 35,Seattle,WA,98119,E,,,GPS,47.61627,-122.33883,,
AMZ SEA42 - 37,Seattle,WA,98119,E,,,GPS,47.616273,-122.338855,,
AMZ SEA42 - 36,Seattle,WA,98119,E,,,GPS,47.616288,-122.33885,,
AMZ SEA42 - 39,Seattle,WA,98121,E,,,GPS,47.616389,-122.339051,,
AMZ SEA42 - 40,Seattle,WA,98121,E,,,GPS,47.616414,-122.339082,,
AMZ SEA42 - 38,Seattle,WA,98121,E,,,GPS,47.616432,-122.339064,,
AMZ SEA42 - 42,Seattle,WA,98121,E,,,GPS,47.616436,-122.339045,,
AMZ SEA42 - 41,Seattle,WA,98121,E,,,GPS,47.616416,-122.339024,,
AMZ SEA42 - 43,Seattle,WA,98121,E,,,GPS,47.616397,-122.339079,,
AMZ SEA42 - 47,Seattle,WA,98121,E,,,GPS,47.616454,-122.339046,,
AMZ SEA42 - 46,Seattle,WA,98121,E,,,GPS,47.616427,-122.339052,,
AMZ SEA42 - 45,Seattle,WA,98121,E,,,GPS,47.616442,-122.339095,,
AMZ SEA42 - 44,Seattle,WA,98121,E,,,GPS,47.616416,-122.339066,,
North Admiral - CA Ave SW,Seattle,WA,98116,E,,,GPS,47.585163,-122.386314,,
North Beacon Hill - 12th Ave S,Seattle,WA,98144,E,,,GPS,47.590301,-122.317437,,
Bitter Lake - N 143rd St,Seattle,WA,98133,E,,,GPS,47.73227,-122.348276,,
Wallingford - N 46th St,Seattle,WA,98103,E,,,GPS,47.662076,-122.337269,,
Olympic Hills - NE 143rd St,Seattle,WA,98125,E,,,GPS,47.73205,-122.310953,,
AMZ SEA42 - 34,Seattle,WA,98119,T,2024-04-17,,GPS,47.616286,-122.33881,,
AMLI MARK 24 MARK24 RETAIL,Seattle,WA,98107,E,,,GPS,47.668673,-122.380077,,
325 Eastlake,Seattle,WA,98109,E,,,GPS,47.6214014,-122.3295578,,
Lower Queen Anne - W Mercer St,Seattle,WA,98119,E,,,GPS,47.624524,-122.361645,,
Adams - NW 57th St,Seattle,WA,98107,E,,,GPS,47.670267,-122.379498,,
Fremont - Whitman Ave N,Seattle,WA,98103,E,,,GPS,47.6549,-122.345912,,
Eastlake - Fairview Ave E,Seattle,WA,98102,E,,,GPS,47.636641,-122.328705,,
Riverview - 17th Ave SW,Seattle,WA,98106,E,,,GPS,47.540413,-122.356173,,
AMZ SEA23 - 4,Seattle,WA,98109,E,,,GPS,47.624209,-122.337729,,
AMZ SEA23 - 5,Seattle,WA,98109,E,,,GPS,47.624085,-122.337727,,
AMZ SEA24 - 10,Seattle,WA,98109,T,2024-04-18,,GPS,47.623802,-122.335507,,
AMZ SEA24 - 9,Seattle,WA,98109,E,,,GPS,47.623721,-122.335511,,
7th & Pine LLC - Garage,Seattle,WA,98101,E,,,GPS,47.61181562734982,-122.33325164528084,,
Tilt49 Realty,Seattle,WA,98101,E,,,GPS,47.6170248,-122.3322181,,
DOL WEST SEATTLE 1,Seattle,WA,98106,E,,,GPS,47.566899,-122.36456,,
